wl,Si,Sugar,PS
960,0.663462442,0.875084629,0.97332
961,0.663204449,0.874957824,0.973392
962,0.662656876,0.875606231,0.97332
963,0.662523316,0.876984246,0.973298
964,0.662783973,0.876317518,0.973535
965,0.664289548,0.876488196,0.974243
966,0.664539273,0.877492771,0.975144
967,0.66301227,0.8781555,0.975786
968,0.661432764,0.877109795,0.975754
969,0.661967866,0.877812762,0.975728
970,0.663425652,0.879007869,0.975961
971,0.664348647,0.879415765,0.976185
972,0.663808789,0.878636816,0.975679
973,0.663330335,0.878375842,0.973947
974,0.663402602,0.878300308,0.972865
975,0.663497077,0.878404757,0.973493
976,0.662771042,0.879085878,0.975399
977,0.66399213,0.879454161,0.976413
978,0.665139688,0.880141713,0.977323
979,0.665370188,0.880995063,0.977764
980,0.665292189,0.881227979,0.976664
981,0.66626803,0.880884319,0.975686
982,0.665767567,0.880115486,0.975844
983,0.664656839,0.880259918,0.976349
984,0.665389573,0.882369572,0.975878
985,0.666382995,0.882885668,0.976275
986,0.666350183,0.881679597,0.977039
987,0.665227009,0.881636877,0.977425
988,0.664174212,0.884649842,0.976939
989,0.666075181,0.883343337,0.976041
990,0.667770997,0.883341954,0.977268
991,0.667749511,0.88402272,0.977809
992,0.666208053,0.883520156,0.975791
993,0.665610447,0.883388401,0.977513
994,0.666123701,0.88346632,0.977938
995,0.667083088,0.88419565,0.97762
996,0.668161531,0.885706592,0.977323
997,0.67002047,0.887303411,0.975452
998,0.666866663,0.885502647,0.975297
999,0.668119697,0.885291421,0.976365
1000,0.675341501,0.888046463,0.977052
1001,0.646078737,0.894293296,0.981244
1002,0.646241926,0.894448115,0.98098
1003,0.64637374,0.894726671,0.980673
1004,0.646462371,0.894805583,0.980526
1005,0.64642735,0.894590051,0.980457
1006,0.646607728,0.894687487,0.980366
1007,0.646915214,0.894940019,0.980356
1008,0.647040246,0.89508979,0.980342
1009,0.647134877,0.895280643,0.980292
1010,0.64738227,0.895420072,0.980447
1011,0.647478805,0.895528389,0.980245
1012,0.647428157,0.89547548,0.979963
1013,0.647581637,0.895862657,0.979936
1014,0.647642514,0.896281531,0.979413
1015,0.647466574,0.896765499,0.979071
1016,0.647573216,0.897164618,0.979143
1017,0.6478175,0.896999631,0.978959
1018,0.648062262,0.896861174,0.97895
1019,0.648366303,0.896704752,0.97907
1020,0.648556993,0.896779371,0.978724
1021,0.64874423,0.896880096,0.978472
1022,0.648849384,0.897175049,0.977981
1023,0.648865298,0.897349208,0.97779
1024,0.648735569,0.897632527,0.977529
1025,0.648914086,0.897530274,0.977915
1026,0.6491272,0.897417037,0.97839
1027,0.649434872,0.897578003,0.978586
1028,0.649988466,0.897831721,0.978665
1029,0.65034203,0.898222041,0.978205
1030,0.65033263,0.898510833,0.97752
1031,0.650342193,0.898685648,0.977172
1032,0.65030017,0.898650799,0.977093
1033,0.650376083,0.898673419,0.977333
1034,0.650579506,0.899210162,0.977701
1035,0.650615866,0.899582593,0.977875
1036,0.650791612,0.899892785,0.977729
1037,0.650986295,0.900168938,0.977618
1038,0.651159209,0.900472913,0.977333
1039,0.651340818,0.900185532,0.977193
1040,0.651542581,0.900030805,0.977076
1041,0.651596061,0.899958152,0.977129
1042,0.651609223,0.899703424,0.977185
1043,0.651571357,0.899758196,0.977169
1044,0.651687831,0.8999858,0.977096
1045,0.65202631,0.900287312,0.976782
1046,0.652425714,0.900621151,0.976517
1047,0.652520921,0.90086035,0.976399
1048,0.652475532,0.901135505,0.97635
1049,0.652527063,0.901428883,0.976458
1050,0.652623445,0.901618192,0.976531
1051,0.652688393,0.901843293,0.976691
1052,0.652863803,0.901905761,0.976666
1053,0.653287753,0.901672973,0.976528
1054,0.653379427,0.901677327,0.97651
1055,0.653299377,0.901706134,0.976498
1056,0.653215615,0.901710392,0.976446
1057,0.653124424,0.902046785,0.976478
1058,0.65308352,0.902465089,0.976351
1059,0.653246754,0.902506659,0.976168
1060,0.653529922,0.902611313,0.976207
1061,0.653793669,0.902571724,0.9761
1062,0.654031239,0.902347695,0.976196
1063,0.654265999,0.902476575,0.97636
1064,0.65433012,0.902729716,0.976418
1065,0.654441084,0.902777617,0.976617
1066,0.654554003,0.902665015,0.977031
1067,0.654646049,0.902755093,0.977212
1068,0.654680075,0.902829593,0.977344
1069,0.654794161,0.902998742,0.977426
1070,0.654982341,0.903486457,0.97737
1071,0.6550399,0.90374254,0.977423
1072,0.655017151,0.904028664,0.977469
1073,0.655098359,0.903895196,0.977586
1074,0.655196044,0.903743158,0.977832
1075,0.655170311,0.903808872,0.977907
1076,0.65535072,0.903798237,0.97798
1077,0.655593289,0.903683509,0.978025
1078,0.655702241,0.903841232,0.977816
1079,0.655753133,0.904105468,0.977681
1080,0.655836451,0.90421986,0.977547
1081,0.655926054,0.90446645,0.977314
1082,0.655974836,0.904521116,0.977266
1083,0.655992947,0.904246087,0.977322
1084,0.656048848,0.904237883,0.977274
1085,0.655982908,0.904257248,0.977366
1086,0.656102861,0.904309544,0.977294
1087,0.656366378,0.904641709,0.977067
1088,0.65661362,0.904731408,0.976939
1089,0.657109483,0.904728152,0.976822
1090,0.657351552,0.904705901,0.976628
1091,0.657437186,0.904579215,0.976356
1092,0.657500364,0.904330196,0.976199
1093,0.657610357,0.9041992,0.976046
1094,0.657571001,0.904220166,0.975741
1095,0.657652048,0.904200148,0.975519
1096,0.657884385,0.904243091,0.975348
1097,0.657972867,0.904306371,0.975152
1098,0.657939003,0.904463809,0.974937
1099,0.658030725,0.904378257,0.974708
1100,0.658164369,0.904214275,0.974557
1101,0.658266224,0.904080627,0.974272
1102,0.658381118,0.903673396,0.973874
1103,0.658549568,0.903539059,0.973505
1104,0.658750964,0.90376175,0.973093
1105,0.658916415,0.903681292,0.972613
1106,0.659115777,0.903549074,0.972247
1107,0.659339884,0.903334602,0.971581
1108,0.659639154,0.902965955,0.970547
1109,0.65977178,0.902368949,0.969604
1110,0.659938825,0.901942677,0.968543
1111,0.660119494,0.901531246,0.967138
1112,0.660380541,0.901053009,0.965932
1113,0.660620261,0.900393293,0.964821
1114,0.660908069,0.900080613,0.963429
1115,0.661441402,0.900112043,0.961873
1116,0.661798572,0.899652066,0.960103
1117,0.662026014,0.899277929,0.957894
1118,0.662247433,0.898668844,0.955824
1119,0.662507381,0.896965444,0.953738
1120,0.66253127,0.896094522,0.951438
1121,0.662217473,0.896218968,0.949449
1122,0.661908155,0.895741471,0.947017
1123,0.661279511,0.895412239,0.94483
1124,0.660745291,0.89504253,0.94183
1125,0.660033621,0.893932544,0.938708
1126,0.659679759,0.893589084,0.935072
1127,0.659538044,0.893683594,0.931069
1128,0.659809378,0.894237171,0.926706
1129,0.659415485,0.895045343,0.922304
1130,0.659099954,0.896419301,0.918126
1131,0.65861918,0.897313279,0.913507
1132,0.657484488,0.898375006,0.908786
1133,0.657231518,0.898910589,0.904105
1134,0.65728737,0.899189682,0.899082
1135,0.657466275,0.899356255,0.894641
1136,0.65815856,0.899342768,0.890087
1137,0.658367299,0.899282121,0.886324
1138,0.65829588,0.89901335,0.882551
1139,0.658562727,0.898916378,0.879749
1140,0.659077593,0.898812197,0.877255
1141,0.659195635,0.898673364,0.875595
1142,0.659193335,0.898552351,0.87458
1143,0.659521834,0.898412039,0.874008
1144,0.659345159,0.898458405,0.874552
1145,0.658688263,0.898840704,0.875991
1146,0.658421336,0.899085883,0.878169
1147,0.658314652,0.899480493,0.881328
1148,0.658097746,0.90000622,0.884906
1149,0.657886771,0.900357164,0.888867
1150,0.657626393,0.900950946,0.89334
1151,0.657370103,0.901978625,0.898318
1152,0.657073909,0.90256639,0.90311
1153,0.656637521,0.902761766,0.908058
1154,0.656514561,0.90341798,0.912733
1155,0.656534638,0.904249004,0.917178
1156,0.656482522,0.904701227,0.921392
1157,0.656425843,0.905257598,0.925535
1158,0.65654604,0.905641114,0.929199
1159,0.656645108,0.905631949,0.93264
1160,0.656891671,0.905939682,0.935942
1161,0.657217033,0.90604546,0.938771
1162,0.657442526,0.906317701,0.941422
1163,0.657518714,0.907000508,0.943493
1164,0.657468587,0.907141163,0.945293
1165,0.657594879,0.907221835,0.946902
1166,0.657808733,0.907396483,0.948122
1167,0.657901331,0.907461006,0.949376
1168,0.658070482,0.907162988,0.950635
1169,0.658108415,0.907296859,0.951657
1170,0.657972044,0.907814058,0.952588
1171,0.657944869,0.907911762,0.95337
1172,0.657980227,0.907887057,0.954029
1173,0.657877799,0.907902145,0.954534
1174,0.657775624,0.907744368,0.954897
1175,0.65759632,0.907681098,0.955128
1176,0.657284685,0.907737921,0.955124
1177,0.657000704,0.907711869,0.955223
1178,0.656687941,0.907626336,0.955412
1179,0.656363488,0.907503139,0.955348
1180,0.656040695,0.907423001,0.954992
1181,0.655663173,0.907628905,0.954594
1182,0.655361593,0.907705219,0.95381
1183,0.655149227,0.907763945,0.952877
1184,0.655031966,0.907863425,0.952247
1185,0.654984362,0.907775129,0.951599
1186,0.655028495,0.907723432,0.950892
1187,0.655181307,0.907730006,0.950023
1188,0.655391692,0.907728877,0.949123
1189,0.655722247,0.90771328,0.948066
1190,0.656039712,0.907677708,0.947088
1191,0.656329827,0.907613222,0.946175
1192,0.656721468,0.907612885,0.945194
1193,0.657173738,0.9076356,0.944126
1194,0.657660858,0.907672075,0.9431
1195,0.658215819,0.907758775,0.94208
1196,0.6589419,0.907850926,0.940918
1197,0.659532901,0.907918052,0.939788
1198,0.659982182,0.908016273,0.938682
1199,0.660452029,0.908099811,0.937653
1200,0.660854437,0.908211926,0.936676
1201,0.661257538,0.908374361,0.935745
1202,0.661508698,0.90832115,0.934945
1203,0.661601169,0.908392925,0.934147
1204,0.66173687,0.908629155,0.933473
1205,0.661829051,0.908752009,0.932984
1206,0.662009328,0.909030546,0.932614
1207,0.662233326,0.9091549,0.932487
1208,0.662390225,0.909137716,0.932547
1209,0.662527987,0.909251534,0.932819
1210,0.662581549,0.909331865,0.933432
1211,0.66266191,0.909507861,0.934043
1212,0.662796186,0.909938746,0.934724
1213,0.66286565,0.910108125,0.935636
1214,0.662861666,0.910204825,0.936712
1215,0.662951542,0.910197594,0.937799
1216,0.663066434,0.910175963,0.939169
1217,0.663067173,0.910195706,0.940464
1218,0.663243988,0.910320358,0.941761
1219,0.663422117,0.910594791,0.943152
1220,0.663495815,0.910830848,0.944452
1221,0.663637793,0.911043788,0.945945
1222,0.663713718,0.91135772,0.947516
1223,0.663830733,0.911529125,0.949103
1224,0.664028173,0.911721954,0.95074
1225,0.664219056,0.911995213,0.952144
1226,0.664450871,0.912120874,0.953434
1227,0.664616746,0.912299534,0.954758
1228,0.664707987,0.912585581,0.956012
1229,0.664843896,0.912733282,0.957395
1230,0.664948407,0.912805455,0.95881
1231,0.66500081,0.912916457,0.960034
1232,0.665098192,0.91305162,0.961183
1233,0.665234036,0.913159697,0.962249
1234,0.665357783,0.91326675,0.963284
1235,0.665369622,0.913360981,0.964351
1236,0.665395271,0.91352497,0.965298
1237,0.665474794,0.91377414,0.966095
1238,0.665510564,0.914048866,0.966914
1239,0.66570268,0.914266449,0.967532
1240,0.665945176,0.914415633,0.968074
1241,0.666001049,0.914463457,0.968798
1242,0.666049409,0.914341506,0.96942
1243,0.666062983,0.914211086,0.969903
1244,0.66603691,0.914268407,0.970404
1245,0.666129671,0.914419668,0.970853
1246,0.666203797,0.914600077,0.971224
1247,0.66626252,0.914943338,0.971623
1248,0.66637884,0.915187769,0.972028
1249,0.666479505,0.915232165,0.972444
1250,0.666600048,0.915138842,0.972991
1251,0.666685547,0.915058693,0.97362
1252,0.666692083,0.91512292,0.97417
1253,0.666710021,0.915140214,0.974586
1254,0.666797297,0.915233752,0.974933
1255,0.666902159,0.91544198,0.97518
1256,0.667085322,0.915639663,0.975234
1257,0.667305464,0.915749334,0.975364
1258,0.667472702,0.915879281,0.975732
1259,0.667579255,0.915905029,0.976014
1260,0.667635244,0.915939479,0.976302
1261,0.66765688,0.915881593,0.976574
1262,0.667697598,0.915858981,0.976676
1263,0.667722821,0.916027514,0.976906
1264,0.667767136,0.916217672,0.97716
1265,0.667870529,0.916472278,0.977366
1266,0.667874241,0.916758293,0.977738
1267,0.667845845,0.916971887,0.978112
1268,0.667779377,0.917162193,0.978345
1269,0.667629995,0.917332882,0.978582
1270,0.667607474,0.9174024,0.978839
1271,0.667673346,0.917547239,0.978901
1272,0.667660207,0.917678532,0.979112
1273,0.667670895,0.917736735,0.979405
1274,0.667654845,0.917853482,0.97943
1275,0.667544843,0.917869217,0.979437
1276,0.667472173,0.917827988,0.979473
1277,0.667470007,0.917774423,0.979497
1278,0.667507055,0.9175788,0.979396
1279,0.667563608,0.917629446,0.979494
1280,0.66767633,0.917779653,0.979722
1281,0.66782377,0.917949236,0.979967
1282,0.667928698,0.918231179,0.980114
1283,0.667956719,0.918492289,0.980306
1284,0.667986879,0.918613552,0.980306
1285,0.668035433,0.918664948,0.980153
1286,0.668071335,0.918706601,0.980069
1287,0.668046695,0.91872407,0.98013
1288,0.66802342,0.918755758,0.980215
1289,0.66799067,0.918744694,0.980134
1290,0.668022368,0.918684996,0.98001
1291,0.668090786,0.918745429,0.979856
1292,0.668150448,0.918701961,0.979633
1293,0.668263989,0.918499032,0.97953
1294,0.668257572,0.918492076,0.979482
1295,0.668237398,0.918488075,0.979315
1296,0.668321158,0.918398746,0.979184
1297,0.668374193,0.918482191,0.979064
1298,0.668479412,0.918540161,0.978984
1299,0.668535953,0.918564409,0.979046
1300,0.668541885,0.918499537,0.979029
1301,0.668465464,0.918343063,0.97901
1302,0.668452994,0.918276101,0.979034
1303,0.668403824,0.918119241,0.97902
1304,0.668412481,0.918062758,0.97903
1305,0.668504059,0.918116182,0.979098
1306,0.668520654,0.918245556,0.979206
1307,0.668442388,0.918341677,0.979246
1308,0.668495085,0.918370267,0.979248
1309,0.668564247,0.918393841,0.979271
1310,0.668607018,0.91857953,0.979325
1311,0.668731245,0.918489872,0.979309
1312,0.668693048,0.918283696,0.979281
1313,0.668581451,0.918295032,0.979341
1314,0.66850999,0.918186209,0.979379
1315,0.668526043,0.918215601,0.97918
1316,0.668608453,0.918339141,0.978952
1317,0.668647126,0.91813225,0.978856
1318,0.66875075,0.917967676,0.978521
1319,0.668819499,0.917793884,0.978359
1320,0.66882612,0.917603466,0.978298
1321,0.668959262,0.917415598,0.977777
1322,0.669057649,0.917064711,0.977504
1323,0.668977213,0.916865003,0.977474
1324,0.669006354,0.916642507,0.977212
1325,0.66908303,0.916290238,0.97708
1326,0.669155742,0.915814426,0.977253
1327,0.669215531,0.915520815,0.97713
1328,0.669441346,0.915081674,0.976765
1329,0.669482734,0.914853366,0.976569
1330,0.669357034,0.915079842,0.976389
1331,0.669292246,0.914951546,0.976134
1332,0.669119984,0.914726708,0.975891
1333,0.669048715,0.914529158,0.975652
1334,0.669027693,0.91415619,0.975418
1335,0.669014671,0.913910501,0.975067
1336,0.669041332,0.913842584,0.974727
1337,0.669207791,0.913228885,0.974382
1338,0.669515948,0.912433946,0.973886
1339,0.669726566,0.912062844,0.973343
1340,0.669941822,0.911590945,0.972831
1341,0.67035621,0.911224493,0.972441
1342,0.670772261,0.911290045,0.971751
1343,0.671262026,0.910623178,0.971042
1344,0.671448092,0.909066784,0.970563
1345,0.671769278,0.907593275,0.969535
1346,0.671980416,0.906310315,0.96875
1347,0.671545387,0.904741528,0.968116
1348,0.672365849,0.904216698,0.96711
1349,0.673290815,0.905058866,0.96655
1350,0.673414023,0.905346517,0.965924
1351,0.675091728,0.905953614,0.965374
1352,0.677122126,0.905998734,0.964268
1353,0.6794214,0.904080291,0.961583
1354,0.683809201,0.90298629,0.959369
1355,0.69276646,0.89983175,0.959525
1356,0.70389877,0.892741022,0.957644
1357,0.709575372,0.893047942,0.956536
1358,0.730377948,0.88739753,0.952873
1359,0.735226972,0.857224682,0.941906
1360,0.799242043,0.842684013,0.936708
1361,0.933046273,0.956195978,0.968795
1362,1.342543154,1.009803096,1.013085
1363,1.893582777,0.945869088,1.138332
1364,3.115819504,0.923944629,1.163895
1365,2.165273277,0.794738737,0.992743
1366,1.918136289,0.707247058,0.867066
1367,1.286597091,0.642380727,0.774084
1368,1.103724512,0.680351559,0.78395
1369,1.396968774,0.743968811,0.851101
1370,1.480773057,0.735263457,0.895576
1371,2.61253849,0.742909842,0.939147
1372,3.928928968,0.840430793,0.934586
1373,3.300790867,0.997151746,0.947169
1374,2.35479129,0.98087596,0.964388
1375,2.731896132,1.205047767,0.945126
1376,2.222059492,1.360408566,0.941975
1377,1.192496091,0.972730457,0.93867
1378,1.10119915,0.601176317,0.942755
1379,0.700049657,0.506777908,0.959302
1380,0.649094334,0.478479536,0.970231
1381,0.810345065,0.489049076,0.968603
1382,0.856377794,0.737262598,0.958602
1383,1.023395023,0.75251095,0.947285
1384,1.286336532,0.603451743,0.923399
1385,1.205969028,0.560282405,0.912903
1386,0.844669465,0.460971768,0.905057
1387,0.788925533,0.476378157,0.904398
1388,0.793803913,0.555859222,0.910331
1389,0.742371151,0.616519961,0.913893
1390,0.686106019,0.734314545,0.924352
1391,0.680633445,0.846041336,0.923768
1392,0.67744474,0.994227739,0.914476
1393,0.652523086,1.025327088,0.915171
1394,0.624529893,1.01703556,0.915101
1395,0.631450633,0.969311956,0.915617
1396,0.64396606,0.892147579,0.923606
1397,0.649280547,0.870276857,0.925576
1398,0.684512464,0.826114004,0.920082
1399,0.694531052,0.827376009,0.92017
1400,0.691707225,0.861909412,0.921075
1401,0.654447167,0.890601277,0.926023
1402,0.645573048,0.87369885,0.926523
1403,0.669879318,0.873994417,0.927955
1404,0.658478195,0.876221818,0.930914
1405,0.667988864,0.864639639,0.929679
1406,0.684347091,0.892779481,0.928201
1407,0.676940922,0.899867804,0.930061
1408,0.672559733,0.90283104,0.931818
1409,0.665113092,0.912080281,0.931117
1410,0.651182464,0.909541105,0.93132
1411,0.641402866,0.919979197,0.931577
1412,0.64658852,0.919602009,0.930431
1413,0.653635519,0.910238823,0.929685
1414,0.655397947,0.909058098,0.929096
1415,0.659918216,0.907349923,0.93002
1416,0.661907444,0.902883798,0.930769
1417,0.657945073,0.896225113,0.931649
1418,0.657791136,0.892500391,0.932957
1419,0.66074589,0.892283266,0.93303
1420,0.658141034,0.889947732,0.933125
1421,0.655669343,0.890217899,0.933472
1422,0.655903634,0.888143039,0.933918
1423,0.656866859,0.882848214,0.934303
1424,0.656498774,0.879185825,0.934791
1425,0.657777619,0.877070529,0.935428
1426,0.657789256,0.874329381,0.936362
1427,0.655620234,0.869973193,0.93769
1428,0.655838011,0.86983985,0.938189
1429,0.657152891,0.870923962,0.938894
1430,0.65714569,0.871274481,0.938672
1431,0.657421741,0.874602937,0.936976
1432,0.6579821,0.874146155,0.936761
1433,0.657888912,0.87079808,0.937154
1434,0.658316211,0.869444675,0.937196
1435,0.659624686,0.867173895,0.937522
1436,0.660305891,0.865872506,0.938048
1437,0.660742436,0.865763659,0.938277
1438,0.660978006,0.865863631,0.938776
1439,0.661152461,0.867061999,0.939944
1440,0.660998303,0.866932645,0.940572
1441,0.660208654,0.866503453,0.940888
1442,0.659942905,0.866060573,0.941231
1443,0.660413697,0.864945525,0.941361
1444,0.661279612,0.864157473,0.941612
1445,0.662587829,0.865407764,0.942684
1446,0.663017361,0.865820854,0.9435
1447,0.662597706,0.866243388,0.944213
1448,0.662526492,0.866379376,0.945222
1449,0.662123172,0.866280452,0.945958
1450,0.662092016,0.867418663,0.946387
1451,0.662705837,0.867956589,0.947232
1452,0.662854312,0.868404414,0.948003
1453,0.662901155,0.869391598,0.948364
1454,0.663143608,0.869326317,0.94894
1455,0.663161438,0.869162915,0.949552
1456,0.663089899,0.869838601,0.950111
1457,0.663254518,0.86975782,0.950716
1458,0.663420593,0.869176956,0.951434
1459,0.66358031,0.868955397,0.952003
1460,0.663817497,0.868251533,0.952318
1461,0.664041139,0.867301149,0.952493
1462,0.664176823,0.866942115,0.952375
1463,0.664335135,0.866743006,0.952179
1464,0.664421005,0.866706531,0.952032
1465,0.664181841,0.867062183,0.951994
1466,0.664014958,0.866977605,0.952347
1467,0.663892426,0.866889548,0.95266
1468,0.663902013,0.867034889,0.952818
1469,0.663934701,0.867093722,0.953221
1470,0.664177273,0.866942374,0.95374
1471,0.664285935,0.867434446,0.954157
1472,0.664373165,0.868349196,0.954707
1473,0.664214049,0.868783997,0.955159
1474,0.663864555,0.869520784,0.955494
1475,0.663966473,0.869872842,0.955723
1476,0.664111456,0.869669211,0.955824
1477,0.664241216,0.869624349,0.956109
1478,0.664728025,0.869536537,0.956269
1479,0.66481293,0.869518472,0.956591
1480,0.664477345,0.869250626,0.957155
1481,0.664516689,0.869602761,0.957625
1482,0.664638687,0.87035346,0.958104
1483,0.664812897,0.871057093,0.958512
1484,0.665154351,0.871924005,0.958805
1485,0.665396112,0.872711305,0.959245
1486,0.665637023,0.873380086,0.95974
1487,0.665773055,0.873929572,0.960176
1488,0.665918291,0.874477848,0.96069
1489,0.665922212,0.875108582,0.961076
1490,0.66566356,0.875832748,0.961282
1491,0.665701279,0.876295659,0.961589
1492,0.665880606,0.876667029,0.96186
1493,0.665958334,0.87697486,0.962321
1494,0.666089415,0.877112269,0.962883
1495,0.666255839,0.877246968,0.963446
1496,0.666298104,0.877569567,0.96411
1497,0.666175858,0.878073463,0.964586
1498,0.666263161,0.878416027,0.96506
1499,0.666406275,0.878787948,0.965547
1500,0.666368321,0.879008074,0.966052
1501,0.666369452,0.87905019,0.966639
1502,0.666363154,0.879491954,0.967057
1503,0.666313841,0.879834221,0.967535
1504,0.666401447,0.880100515,0.967897
1505,0.666494189,0.880601468,0.968333
1506,0.666481945,0.880702669,0.968957
1507,0.666465984,0.880776576,0.969311
1508,0.666524294,0.881063032,0.969521
1509,0.666619946,0.881185656,0.969623
1510,0.666675285,0.881447577,0.969569
1511,0.666726323,0.881709756,0.969658
1512,0.666717522,0.881949365,0.969965
1513,0.666706261,0.882248246,0.970243
1514,0.666760413,0.882219715,0.970561
1515,0.666840674,0.88224671,0.97084
1516,0.66691577,0.882477115,0.970968
1517,0.666951481,0.882575579,0.971245
1518,0.666990793,0.882778423,0.971516
1519,0.666998398,0.883019319,0.971755
1520,0.667030812,0.883043644,0.972172
1521,0.667105515,0.88315896,0.972561
1522,0.667190156,0.883398457,0.972913
1523,0.667287577,0.883651044,0.973222
1524,0.667410991,0.883930991,0.973408
1525,0.667565517,0.88403256,0.97355
1526,0.667619984,0.884168316,0.97372
1527,0.667710235,0.884259839,0.973889
1528,0.667818048,0.884220468,0.97408
1529,0.667866021,0.884376348,0.974357
1530,0.668015945,0.884447592,0.97459
1531,0.668172725,0.884447252,0.974877
1532,0.66828009,0.884585843,0.975212
1533,0.668335527,0.884649613,0.97552
1534,0.668367684,0.884537078,0.975904
1535,0.668477015,0.884401407,0.976246
1536,0.66860125,0.884231975,0.976611
1537,0.668718897,0.884005116,0.977044
1538,0.66882598,0.884014149,0.977449
1539,0.668871961,0.884059328,0.977786
1540,0.668955594,0.884028217,0.978044
1541,0.669056802,0.884040589,0.978236
1542,0.669147374,0.88399471,0.978303
1543,0.669273506,0.883982349,0.978486
1544,0.669379413,0.883948184,0.978631
1545,0.669438498,0.883918273,0.978673
1546,0.669478603,0.883879229,0.978926
1547,0.66949993,0.883737048,0.979145
1548,0.669478975,0.88359796,0.979385
1549,0.669507264,0.883525462,0.979687
1550,0.669658062,0.883544837,0.979825
1551,0.669905869,0.883519654,0.979918
1552,0.670127408,0.883458698,0.980008
1553,0.670277901,0.88348243,0.980122
1554,0.670324766,0.883503616,0.980269
1555,0.670363676,0.883480051,0.980235
1556,0.670475543,0.883398908,0.980208
1557,0.670607526,0.883237871,0.980292
1558,0.670838302,0.883003165,0.980199
1559,0.67098181,0.882738754,0.980203
1560,0.671061568,0.882616307,0.980287
1561,0.671162449,0.882587135,0.980114
1562,0.671206325,0.882540676,0.980051
1563,0.67134271,0.882588755,0.980031
1564,0.671526043,0.882632408,0.979885
1565,0.671732463,0.882635549,0.979795
1566,0.67199333,0.882716377,0.979594
1567,0.672142823,0.882714421,0.979275
1568,0.672206008,0.882735006,0.979064
1569,0.6723116,0.882892293,0.978893
1570,0.67244274,0.882940239,0.978738
1571,0.672620438,0.882999865,0.978764
1572,0.672811937,0.883037582,0.978612
1573,0.672927503,0.882938318,0.978381
1574,0.673007916,0.882903215,0.978129
1575,0.673088847,0.882958179,0.977631
1576,0.673157889,0.883072237,0.977313
1577,0.6732945,0.883205053,0.977031
1578,0.673415225,0.883344526,0.976672
1579,0.67348367,0.883486608,0.976365
1580,0.673581706,0.883580971,0.975975
1581,0.673618145,0.883740267,0.975547
1582,0.67364507,0.883908839,0.97511
1583,0.673670239,0.884027009,0.974829
1584,0.673710059,0.884229674,0.974462
1585,0.67382974,0.88444292,0.97396
1586,0.673881739,0.884651184,0.973532
1587,0.673912859,0.884848677,0.972996
1588,0.673953542,0.88503729,0.972519
1589,0.673943575,0.885209203,0.972067
1590,0.674027325,0.88541907,0.971681
1591,0.674207863,0.88570084,0.971326
1592,0.674338889,0.885885913,0.970876
1593,0.674393434,0.886065941,0.970528
1594,0.674444852,0.886194736,0.970064
1595,0.67450191,0.886299789,0.969511
1596,0.674617256,0.886533861,0.969074
1597,0.674768492,0.886776729,0.968625
1598,0.674881857,0.887097786,0.968049
1599,0.674971032,0.887446786,0.967315
1600,0.675035347,0.887760104,0.966437
1601,0.675073222,0.888098088,0.965471
1602,0.675072179,0.888299942,0.964501
1603,0.67511963,0.888451232,0.963593
1604,0.675135001,0.888634532,0.962708
1605,0.675152404,0.888793144,0.961642
1606,0.675297399,0.889080118,0.960415
1607,0.675387292,0.88940342,0.959123
1608,0.675389703,0.889803446,0.957617
1609,0.675380847,0.890292342,0.956011
1610,0.6753551,0.890642121,0.954439
1611,0.675333199,0.891030269,0.952611
1612,0.675360653,0.891329093,0.950568
1613,0.67540096,0.891428369,0.948461
1614,0.675456037,0.891672559,0.945942
1615,0.675526628,0.891973551,0.943165
1616,0.67554311,0.892250777,0.940119
1617,0.675574474,0.892634908,0.936755
1618,0.675611464,0.892947589,0.933417
1619,0.675652349,0.893212699,0.929607
1620,0.675746831,0.893523215,0.925465
1621,0.675801712,0.893765958,0.921368
1622,0.675887731,0.894015229,0.916617
1623,0.675950694,0.894294909,0.911624
1624,0.675878294,0.894552277,0.906906
1625,0.675836335,0.894801341,0.902065
1626,0.67580998,0.895043001,0.897589
1627,0.675736098,0.895345527,0.893236
1628,0.675688261,0.895728747,0.888733
1629,0.675686055,0.895985168,0.884571
1630,0.675658422,0.896288471,0.880218
1631,0.675640872,0.89664684,0.876173
1632,0.675632752,0.896843456,0.872654
1633,0.675615363,0.897160501,0.869116
1634,0.67560936,0.897349036,0.866125
1635,0.675569795,0.897567556,0.863477
1636,0.675624462,0.897867432,0.861072
1637,0.675708751,0.897986552,0.859039
1638,0.675686864,0.898329755,0.857249
1639,0.675544163,0.898601256,0.855856
1640,0.675374077,0.898773752,0.854813
1641,0.675287407,0.89907708,0.854122
1642,0.675140397,0.899394915,0.853773
1643,0.67506182,0.899667534,0.853822
1644,0.675095966,0.899840645,0.854151
1645,0.67490207,0.90012276,0.854828
1646,0.674647207,0.900419876,0.855796
1647,0.674535149,0.900554995,0.856746
1648,0.674358023,0.900825189,0.857724
1649,0.674273105,0.901167658,0.858609
1650,0.674361143,0.901360818,0.858924
1651,0.674355245,0.901553127,0.858468
1652,0.674293381,0.901726752,0.857206
1653,0.674259788,0.901853833,0.854973
1654,0.674164178,0.902068698,0.851499
1655,0.674095862,0.902455158,0.846995
1656,0.674089859,0.902768501,0.841402
1657,0.674019819,0.902848789,0.83454
1658,0.673968098,0.902764934,0.827218
1659,0.673954553,0.902610731,0.818633
1660,0.673920061,0.902621487,0.809158
1661,0.673902791,0.902699865,0.799618
1662,0.67389006,0.902829916,0.788702
1663,0.673920516,0.903123135,0.777571
1664,0.673941863,0.903268508,0.766626
1665,0.673917923,0.903388845,0.755167
1666,0.673862053,0.903588798,0.744476
1667,0.673717246,0.903578828,0.733965
1668,0.673543639,0.903601194,0.723665
1669,0.67337754,0.903790778,0.714273
1670,0.673192016,0.903974071,0.704598
1671,0.672955016,0.904189961,0.695631
1672,0.672669958,0.90435221,0.687971
1673,0.672385237,0.904365618,0.680749
1674,0.672042858,0.904334052,0.674868
1675,0.671602596,0.904288315,0.670114
1676,0.671051412,0.904203285,0.666026
1677,0.670339701,0.904123641,0.662923
1678,0.669392729,0.903994338,0.660543
1679,0.668330605,0.903618138,0.65932
1680,0.667096002,0.903224156,0.659245
1681,0.66551815,0.902946779,0.659743
1682,0.66381885,0.902666902,0.66088
1683,0.661726058,0.902633504,0.6629
1684,0.659833697,0.90238596,0.665016
1685,0.657862286,0.901966082,0.667627
1686,0.65596234,0.90151412,0.670562
1687,0.654072086,0.900922484,0.673753
1688,0.652412014,0.900496028,0.677266
1689,0.650721528,0.900112391,0.681157
1690,0.649518882,0.899768985,0.685289
1691,0.648703667,0.899489829,0.68979
1692,0.648070534,0.899240502,0.694547
1693,0.647826734,0.89900367,0.69955
1694,0.647536956,0.898759172,0.705192
1695,0.647505683,0.898631377,0.711259
1696,0.647231629,0.898446169,0.717596
1697,0.64689785,0.898186978,0.724457
1698,0.64646828,0.898068708,0.731402
1699,0.646016129,0.897884983,0.738585
1700,0.645798934,0.897740631,0.745538
1701,0.645794245,0.897545507,0.753007
1702,0.646048611,0.897339408,0.760072
1703,0.646556392,0.897182567,0.766413
1704,0.647306389,0.897039481,0.772495
1705,0.648342224,0.897011578,0.777685
1706,0.649718838,0.8971378,0.782305
1707,0.651409335,0.897206189,0.786726
1708,0.653361334,0.897193791,0.790572
1709,0.655468495,0.897228034,0.794076
1710,0.657543938,0.897337184,0.797058
1711,0.659438327,0.89755234,0.799586
1712,0.6611803,0.897752833,0.801808
1713,0.662587406,0.897864776,0.8036
1714,0.663706844,0.897857242,0.805245
1715,0.66474508,0.897600704,0.806558
1716,0.665424589,0.897369643,0.807554
1717,0.665924814,0.897384727,0.808559
1718,0.666284798,0.897428372,0.809302
1719,0.666397841,0.897538216,0.809716
1720,0.666359333,0.897820547,0.810148
1721,0.666129337,0.897955701,0.810416
1722,0.665719116,0.897873228,0.810643
1723,0.665087768,0.897836036,0.811207
1724,0.664307719,0.897728963,0.811854
1725,0.663430159,0.897624242,0.812916
1726,0.662417578,0.897687656,0.814298
1727,0.66135459,0.897585645,0.816066
1728,0.660232501,0.89729501,0.818191
1729,0.658989672,0.89717837,0.820744
1730,0.657563716,0.897081485,0.823939
1731,0.656189375,0.897027192,0.827167
1732,0.654680459,0.897096092,0.830773
1733,0.653259826,0.897134077,0.834522
1734,0.651941237,0.897151094,0.838592
1735,0.650541685,0.897147768,0.842322
1736,0.649098836,0.897253151,0.846362
1737,0.647759177,0.89719343,0.849638
1738,0.64639147,0.896975059,0.852491
1739,0.645187999,0.896820719,0.854785
1740,0.644086033,0.896609159,0.856618
1741,0.643101075,0.896489102,0.857904
1742,0.642148819,0.896479311,0.858685
1743,0.641570877,0.896313414,0.858655
1744,0.641220474,0.896017937,0.858004
1745,0.641095199,0.896015278,0.856455
1746,0.641181833,0.895979753,0.854371
1747,0.641380331,0.896125477,0.85207
1748,0.64193382,0.896252065,0.849203
1749,0.642907663,0.89628776,0.846356
1750,0.644180884,0.896407632,0.84377
1751,0.645596215,0.896609824,0.841162
1752,0.646928003,0.896812016,0.838771
1753,0.648463309,0.896810296,0.836329
1754,0.650017021,0.89688138,0.833895
1755,0.651571829,0.896940521,0.831898
1756,0.653590329,0.896861419,0.8301
1757,0.655478705,0.896899635,0.828707
1758,0.657012051,0.896938411,0.827559
1759,0.658615363,0.897040517,0.826276
1760,0.659957809,0.897112387,0.825501
1761,0.6610144,0.897191627,0.825108
1762,0.662056607,0.897293146,0.824974
1763,0.662860136,0.89743598,0.825114
1764,0.663717179,0.897524588,0.82583
1765,0.664565825,0.89761643,0.826986
1766,0.665304934,0.897578318,0.828524
1767,0.666089192,0.897344329,0.830883
1768,0.666629798,0.89723605,0.833167
1769,0.666958579,0.897129113,0.835788
1770,0.667217151,0.897097427,0.838347
1771,0.667281761,0.89712695,0.841116
1772,0.667346365,0.897225312,0.843834
1773,0.667207603,0.897430127,0.846708
1774,0.667234556,0.897643126,0.849236
1775,0.667301795,0.898155047,0.851806
1776,0.667328874,0.898013507,0.853927
1777,0.667555123,0.897310449,0.855706
1778,0.667457869,0.897118874,0.857092
1779,0.667086154,0.896664518,0.858085
1780,0.666626781,0.896841821,0.858663
1781,0.666267679,0.897481512,0.858779
1782,0.666036425,0.897820189,0.858908
1783,0.666063795,0.89803449,0.858627
1784,0.666079149,0.898432861,0.858075
1785,0.665893557,0.898312214,0.857407
1786,0.665921118,0.897633868,0.85679
1787,0.665936651,0.897267021,0.856153
1788,0.666135427,0.897406258,0.855752
1789,0.666350552,0.897372565,0.855288
1790,0.666410747,0.897975667,0.854662
1791,0.666732865,0.898066689,0.854172
1792,0.667487786,0.897214456,0.853745
1793,0.668112323,0.896926067,0.85336
1794,0.668961251,0.896989567,0.852962
1795,0.669659156,0.896811523,0.852824
1796,0.670257345,0.896771986,0.852844
1797,0.670701644,0.89664131,0.853097
1798,0.670629527,0.896032034,0.854224
1799,0.671129828,0.895875057,0.854512
1800,0.67191337,0.896504039,0.854539
1801,0.645494235,0.860802036,0.872391
1802,0.644832563,0.857671304,0.874868
1803,0.651680913,0.8380546,0.879318
1804,0.65411075,0.823340554,0.882446
1805,0.655686769,0.807218143,0.874877
1806,0.654793619,0.794172355,0.867634
1807,0.650131901,0.768045401,0.859718
1808,0.647492227,0.754587153,0.855825
1809,0.643688442,0.750966454,0.851502
1810,0.626483803,0.784959496,0.833599
1811,0.633963574,0.78722158,0.832352
1812,0.671055146,0.788215833,0.858711
1813,0.692759785,0.786107877,0.863461
1814,0.746596392,0.762819219,0.854341
1815,0.770887667,0.736924207,0.858181
1816,0.762949553,0.695194123,0.866537
1817,0.743400162,0.664745643,0.8671
1818,0.696859865,0.630216574,0.867235
1819,0.568521163,0.55888891,0.881167
1820,0.513432371,0.507158401,0.877051
1821,0.46060935,0.516416132,0.841957
1822,0.429435637,0.504249112,0.826578
1823,0.499917378,0.528513941,0.805044
1824,0.546295213,0.49647118,0.807379
1825,0.636445654,0.504458454,0.846795
1826,0.717554124,0.337577664,0.868143
1827,0.683442616,0.219626645,0.88205
1828,0.903971216,0.29666497,0.940189
1829,1.068077635,0.358560182,1.002827
1830,0.746108544,0.607660343,1.123618
1831,0.716285285,0.679396792,1.163336
1832,1.421740639,0.634714276,1.150214
1833,1.17350456,0.613398865,1.091466
1834,0.366358239,-2.000287727,0.808543
1835,0.648180979,0.633597723,0.617266
1836,0.476495163,0.631351588,0.453041
1837,1.055837611,0.703362435,0.519272
1838,1.20742394,0.663696543,0.607179
1839,-14.7721118,0.293623094,0.982033
1840,6.049999668,-3.58494284,1.338595
1841,-0.357148157,2.307818303,1.712592
1842,-0.497094236,0.985414625,2.6767
1843,-0.148342108,0.796316457,2.645105
1844,0.62635071,1.397350926,1.990277
1845,1.068831846,-0.282038359,2.414718
1846,1.677636865,-0.032457654,2.346278
1847,2.215538063,0.090661842,2.39066
1848,0.434315859,0.325453258,3.751642
1849,0.26570678,1.500248326,3.52279
1850,2.618052069,-23.94819791,2.099271
1851,-0.061035264,-3.386919918,1.617455
1852,0.476478867,-1.902925587,1.046641
1853,0.615176533,-0.526569315,0.686826
1854,0.551755405,-0.839325965,0.835944
1855,0.516827747,-1.467070093,1.035613
1856,0.56578917,-1.732123969,1.301458
1857,0.463169483,-2.802868917,1.931112
1858,0.30366642,-3.380065449,1.915397
1859,-0.062532895,-2.376454936,1.083072
1860,-0.869484278,-0.862132306,0.773866
1861,-1.657877672,-0.617908058,0.706597
1862,-1.912987123,-0.449363185,0.716085
1863,-3.047656991,-0.27459016,0.81166
1864,-0.616151288,-0.418032259,0.854107
1865,0.052757536,-0.545482326,0.860213
1866,0.62895989,-0.466552861,0.964881
1867,1.208635843,-0.465345481,1.165445
1868,1.877619453,-0.708621878,1.347752
1869,5.626301273,-0.379851986,2.310651
1870,-1.351902997,-0.054227526,5.241904
1871,-1.157459018,0.002738627,7.515151
1872,4.069277233,0.127065993,5.367254
1873,-0.459444831,0.37390282,3.035685
1874,-0.192381584,0.860497386,1.403491
1875,-0.412485442,-0.675918134,0.870581
1876,-0.602560348,0.017317654,1.001554
1877,-0.697961669,0.076000278,0.983688
1878,-1.019075752,0.267823623,1.057414
1879,7.99595789,-1.458640472,1.101426
1880,1.813176687,-0.218635209,1.356807
1881,0.7953211,-0.014958176,1.319342
1882,-3.656801706,-0.336985816,1.137506
1883,-4.598781476,-0.444645583,1.129156
1884,6.657302693,-0.291224598,1.08421
1885,0.889655887,0.311504343,0.922541
1886,0.753344581,0.495238996,0.911284
1887,0.645863958,0.715996977,0.9759
1888,0.419733622,1.663986186,1.06421
1889,0.310425323,3.723031949,1.053648
1890,0.144364195,-3.094899085,1.058322
1891,0.043606957,-6.125244675,1.020574
1892,0.038434722,-3.019211407,0.979935
1893,0.004621848,-1.756338718,1.02328
1894,0.02614813,-1.149022915,1.166515
1895,-0.139221412,-1.447309826,1.203775
1896,0.830952586,-2.239513141,1.304841
1897,0.35932739,0.489964926,1.368288
1898,0.115734445,-0.216387121,1.268999
1899,0.065934843,-0.268200917,1.345122
1900,0.057971495,-0.146877604,1.31551
1901,0.115123311,-0.114975339,1.112175
1902,0.181801523,0.044898358,0.973814
1903,0.220201198,1.681183713,0.658147
1904,0.234571949,-2.144624249,0.596367
1905,0.088294037,-1.132368577,0.718055
1906,0.003503838,-0.685935753,0.772834
1907,-0.02295431,-0.55514466,0.828457
1908,-0.682539572,-0.336284527,1.096095
1909,13.10943637,-0.458964061,1.433529
1910,0.865265641,-0.323000535,1.265777
1911,0.809085858,-0.36379979,1.128865
1912,0.324897289,0.485714471,1.041089
1913,0.066325173,0.202227085,0.973282
1914,-2.04657235,-3.500369344,0.860118
1915,-2.500283561,-327.741636,0.861269
1916,-0.322320583,0.308220933,0.929297
1917,-0.178851895,0.126826414,0.949185
1918,0.338830105,-0.359885052,1.0069
1919,1.450016764,-10.25325153,0.987543
1920,-0.068475392,-16.70263342,0.926441
1921,0.142434539,2.331530573,0.865209
1922,0.226622628,2.060003786,0.811768
1923,0.342847543,3.309438421,0.720785
1924,0.424204201,2.632944312,0.702807
1925,0.523954491,1.860936061,0.700426
1926,0.655531944,1.402157353,0.719254
1927,1.080657248,0.982541474,0.764662
1928,1.171343942,0.823857141,0.798685
1929,1.093815783,0.75653694,0.855538
1930,0.914029793,0.76720522,0.880957
1931,0.81084681,0.739197983,0.905804
1932,0.663523895,0.71489803,0.929057
1933,0.632025902,0.691898324,0.941205
1934,0.603184856,0.640244726,0.945683
1935,0.626345082,0.65978452,0.946688
1936,0.690491938,0.701988218,0.945267
1937,0.715620818,0.728950969,0.937472
1938,0.781922007,0.782133296,0.922213
1939,0.779260158,0.813303736,0.913391
1940,0.753544683,0.833120721,0.905611
1941,0.707192023,0.837808325,0.894025
1942,0.676272972,0.840917184,0.892807
1943,0.61853935,0.854626644,0.899934
1944,0.611807115,0.839142713,0.89847
1945,0.624271281,0.804608473,0.897625
1946,0.629037898,0.786383385,0.894577
1947,0.658163012,0.747151836,0.883286
1948,0.661490527,0.740801751,0.880021
1949,0.642366416,0.747239397,0.883926
1950,0.637870286,0.761466661,0.882323
1951,0.634984581,0.785703959,0.8799
1952,0.625686449,0.83805598,0.87619
1953,0.629961103,0.85691114,0.877746
1954,0.651032234,0.879387637,0.878833
1955,0.653688403,0.877719441,0.880394
1956,0.652592639,0.846037366,0.885918
1957,0.651781413,0.83885103,0.890256
1958,0.640477972,0.831245644,0.891576
1959,0.640605495,0.829609195,0.894102
1960,0.648228374,0.832880829,0.898992
1961,0.650975309,0.83857488,0.902439
1962,0.653221158,0.845117934,0.905064
1963,0.657050773,0.850616611,0.90655
1964,0.657529303,0.857817603,0.908052
1965,0.654481928,0.869715241,0.910442
1966,0.655550893,0.872996365,0.910128
1967,0.657970751,0.873739051,0.907652
1968,0.659032938,0.874761996,0.907292
1969,0.662138555,0.872886778,0.905747
1970,0.662299888,0.872498504,0.906028
1971,0.659979307,0.872729146,0.908552
1972,0.659071531,0.873443874,0.910443
1973,0.657920966,0.87403862,0.910693
1974,0.655609691,0.874225894,0.91089
1975,0.655293165,0.874953907,0.910279
1976,0.656128653,0.876584015,0.908049
1977,0.656282758,0.877202872,0.906968
1978,0.656731054,0.877621994,0.905703
1979,0.657160925,0.878208502,0.905305
1980,0.657142911,0.878008896,0.904947
1981,0.657629699,0.878627433,0.905381
1982,0.658679217,0.881347263,0.907426
1983,0.659580439,0.880855006,0.908242
1984,0.660211071,0.880831141,0.908825
1985,0.660840649,0.881087003,0.909042
1986,0.661389639,0.880084166,0.91017
1987,0.661802523,0.876859805,0.911274
1988,0.662233257,0.876365036,0.912495
1989,0.662954298,0.876480096,0.915198
1990,0.663105091,0.876932036,0.916589
1991,0.662895177,0.879886272,0.917069
1992,0.662557169,0.880793702,0.917805
1993,0.661425006,0.881436865,0.918538
1994,0.660795479,0.880438396,0.918533
1995,0.660409713,0.878202026,0.919189
1996,0.660194046,0.876362865,0.920459
1997,0.660231701,0.875125281,0.921062
1998,0.661115782,0.873887218,0.92199
1999,0.661606319,0.873316052,0.92204
2000,0.661748232,0.875517565,0.919932
2001,0.662764467,0.875299951,0.918411
2002,0.665088547,0.875799948,0.915508
2003,0.666942169,0.872264841,0.914949
2004,0.669201313,0.864154959,0.916338
2005,0.671454494,0.853508403,0.919463
2006,0.673416956,0.844574042,0.923123
2007,0.67183947,0.839683032,0.92185
2008,0.671342234,0.840366333,0.921908
2009,0.671061872,0.851680627,0.921439
2010,0.669224083,0.854377152,0.918552
2011,0.665938335,0.857977129,0.913924
2012,0.663990764,0.859580779,0.912352
2013,0.661551785,0.856757719,0.908571
2014,0.660245852,0.855834329,0.907736
2015,0.659278797,0.856016084,0.909332
2016,0.659416307,0.855695508,0.91168
2017,0.661735423,0.854376226,0.91446
2018,0.661728634,0.854505196,0.916278
2019,0.661251022,0.853820427,0.919218
2020,0.66075562,0.85326665,0.920325
2021,0.660511249,0.852527251,0.920222
2022,0.659116802,0.851713034,0.91871
2023,0.659264201,0.850227555,0.918286
2024,0.660816552,0.84912685,0.916919
2025,0.661527338,0.847081082,0.917044
2026,0.662043694,0.843902077,0.918303
2027,0.662262477,0.842136809,0.918524
2028,0.66347022,0.839956783,0.91981
2029,0.663671362,0.837355791,0.920206
2030,0.665154185,0.835850409,0.919217
2031,0.666232556,0.833880783,0.920063
2032,0.666560796,0.832674926,0.920217
2033,0.666785913,0.83228154,0.91955
2034,0.666565354,0.83095411,0.920399
2035,0.665591939,0.829592158,0.921862
2036,0.664959175,0.828126051,0.922976
2037,0.663730348,0.82579943,0.925556
2038,0.663149674,0.824276307,0.926679
2039,0.663041833,0.823295828,0.926669
2040,0.662540231,0.82200194,0.927431
2041,0.661869182,0.82065049,0.928469
2042,0.661954995,0.818023727,0.92787
2043,0.661746535,0.815443369,0.928814
2044,0.661390421,0.813293833,0.929832
2045,0.661204213,0.811199798,0.929846
2046,0.661440047,0.809339308,0.929704
2047,0.661425308,0.80808213,0.92885
2048,0.661052893,0.807236557,0.926177
2049,0.661138166,0.80570902,0.924709
2050,0.661403625,0.804711967,0.922968
2051,0.662113668,0.802848994,0.921468
2052,0.663000953,0.800174771,0.922351
2053,0.663576267,0.798112351,0.922346
2054,0.664696651,0.79592815,0.922769
2055,0.664723123,0.793798273,0.92335
2056,0.663935571,0.792296505,0.921247
2057,0.662852133,0.790867573,0.920762
2058,0.662081099,0.789357179,0.921418
2059,0.660655088,0.788924966,0.923121
2060,0.660376669,0.787268662,0.923967
2061,0.660926339,0.784572099,0.926706
2062,0.661468278,0.782590573,0.926696
2063,0.662464377,0.780697351,0.925117
2064,0.663216511,0.778187409,0.922841
2065,0.663960127,0.776551812,0.919673
2066,0.664397273,0.775163308,0.91829
2067,0.665068772,0.773573238,0.918751
2068,0.66508676,0.771624992,0.919944
2069,0.664786137,0.771470003,0.920773
2070,0.664784953,0.771108548,0.921258
2071,0.664514821,0.769597044,0.921489
2072,0.66365331,0.768407965,0.920263
2073,0.663434469,0.766791651,0.920175
2074,0.66362011,0.762954261,0.921053
2075,0.66351401,0.761204487,0.921681
2076,0.663276317,0.760479908,0.922284
2077,0.66346058,0.759420626,0.922817
2078,0.663534225,0.759442835,0.923786
2079,0.663454098,0.760207531,0.922975
2080,0.663595375,0.760609838,0.922555
2081,0.663723023,0.76118409,0.922051
2082,0.66403772,0.760757414,0.921594
2083,0.66425734,0.75984921,0.922312
2084,0.664435805,0.758965964,0.922219
2085,0.664142474,0.75794079,0.921959
2086,0.663946183,0.757119663,0.921426
2087,0.663336966,0.756500046,0.920359
2088,0.663248204,0.756213472,0.919113
2089,0.663240144,0.756008703,0.917585
2090,0.663730051,0.75600083,0.916318
2091,0.66423875,0.755969646,0.914534
2092,0.664336774,0.7556995,0.912867
2093,0.664518015,0.755937129,0.911643
2094,0.664990361,0.755850662,0.910261
2095,0.665108891,0.756709941,0.910785
2096,0.665436249,0.756995067,0.910894
2097,0.665129461,0.756542647,0.91035
2098,0.663971565,0.756157089,0.909875
2099,0.663297984,0.756019213,0.908784
2100,0.662103553,0.755822797,0.906125
2101,0.661826102,0.755838915,0.904787
2102,0.662290236,0.756527977,0.903751
2103,0.662639547,0.756593995,0.903316
2104,0.663405786,0.756229895,0.90345
2105,0.664153769,0.755787317,0.903519
2106,0.664314249,0.756003371,0.903831
2107,0.664636409,0.756017129,0.903453
2108,0.66475118,0.756695842,0.902863
2109,0.664316466,0.758153968,0.902157
2110,0.664235332,0.759202732,0.900928
2111,0.663982537,0.760307596,0.899872
2112,0.663856793,0.761454417,0.898964
2113,0.664181553,0.761825064,0.896763
2114,0.664245708,0.762239038,0.89512
2115,0.664410644,0.762324996,0.894276
2116,0.664347791,0.762872972,0.892172
2117,0.664165448,0.763415164,0.889032
2118,0.663662609,0.763988364,0.887488
2119,0.6631974,0.765458077,0.88434
2120,0.66283477,0.765981136,0.879692
2121,0.662259801,0.766506519,0.876073
2122,0.662036666,0.767605098,0.870688
2123,0.662414828,0.768413974,0.865958
2124,0.66224911,0.769571854,0.861772
2125,0.661890127,0.7700662,0.856727
2126,0.661750478,0.770332293,0.851901
2127,0.66109633,0.770520955,0.846311
2128,0.66083694,0.770272426,0.840152
2129,0.660986893,0.770300857,0.832933
2130,0.661742028,0.770701614,0.82543
2131,0.662093531,0.771017449,0.816037
2132,0.662524408,0.771120964,0.805119
2133,0.66318273,0.771514791,0.793341
2134,0.663540147,0.772433773,0.780736
2135,0.66361372,0.773106498,0.768066
2136,0.663526513,0.774654174,0.754415
2137,0.662941084,0.775979643,0.740158
2138,0.661950004,0.777475204,0.726366
2139,0.661192417,0.779420205,0.713087
2140,0.660891676,0.780836581,0.702005
2141,0.660761561,0.782688979,0.693077
2142,0.660848618,0.784225066,0.685725
2143,0.660763136,0.784852539,0.680119
2144,0.660402309,0.785173781,0.676204
2145,0.65964483,0.784264999,0.674511
2146,0.659319161,0.784634113,0.673234
2147,0.658873379,0.784926168,0.673906
2148,0.658698859,0.785949367,0.674705
2149,0.65888391,0.788206333,0.676294
2150,0.65909013,0.790199288,0.678013
2151,0.659222487,0.790947041,0.680657
2152,0.65900191,0.792093264,0.682443
2153,0.658847825,0.792716991,0.683526
2154,0.658002953,0.79255615,0.68454
2155,0.657505908,0.793207762,0.683675
2156,0.657191812,0.793956353,0.68245
2157,0.65690758,0.794092764,0.680209
2158,0.657688281,0.794665936,0.677007
2159,0.658113196,0.795811203,0.674395
2160,0.658241432,0.796819141,0.670538
2161,0.658102718,0.79794815,0.667038
2162,0.657650901,0.799718655,0.663727
2163,0.657281043,0.801083309,0.659995
2164,0.656504459,0.802149392,0.655301
2165,0.656063532,0.803252466,0.652423
2166,0.656374115,0.805023284,0.650108
2167,0.656076553,0.80596092,0.648425
2168,0.656057253,0.807223676,0.649601
2169,0.655716917,0.808960799,0.651437
2170,0.654931397,0.809535356,0.654328
2171,0.654574327,0.81013133,0.658483
2172,0.653678669,0.810571268,0.662609
2173,0.653621966,0.810442501,0.667419
2174,0.654015293,0.811223403,0.673032
2175,0.653677854,0.811892392,0.67898
2176,0.654098579,0.812756764,0.684977
2177,0.654054304,0.814185604,0.690488
2178,0.653956606,0.815248877,0.694318
2179,0.653950665,0.816192605,0.696581
2180,0.653825327,0.816911134,0.698391
2181,0.653414481,0.817598347,0.698558
2182,0.653193592,0.818057946,0.699106
2183,0.653110063,0.818165112,0.698997
2184,0.652402259,0.81789436,0.699419
2185,0.651979794,0.818578877,0.700069
2186,0.651285015,0.818629715,0.700976
2187,0.650408129,0.817561205,0.704053
2188,0.649870465,0.817817943,0.707622
2189,0.649203595,0.818867914,0.712374
2190,0.649014435,0.820013682,0.718829
2191,0.649049916,0.822371791,0.72431
2192,0.649120469,0.824931542,0.730025
2193,0.649490037,0.825589081,0.73654
2194,0.649491638,0.826209813,0.742418
2195,0.649445927,0.827197788,0.748855
2196,0.649262451,0.82803636,0.756778
2197,0.648841793,0.828823122,0.763392
2198,0.648206613,0.830372013,0.76988
2199,0.647908356,0.830674167,0.775211
2200,0.647722051,0.829440164,0.77911
2201,0.647490929,0.829646307,0.783205
2202,0.647627277,0.829877767,0.786527
2203,0.646862578,0.830411513,0.790191
2204,0.646140486,0.83270181,0.793178
2205,0.64501954,0.835031445,0.795895
2206,0.644464674,0.836178859,0.797728
2207,0.644397891,0.837759791,0.798239
2208,0.644456415,0.838282236,0.798746
2209,0.644740046,0.83839188,0.799221
2210,0.644704089,0.839390696,0.799724
2211,0.644483805,0.83917716,0.800433
2212,0.644155547,0.839722337,0.802477
2213,0.644178122,0.840217069,0.804334
2214,0.643879181,0.840138802,0.805265
2215,0.643448455,0.839872908,0.80583
2216,0.642911128,0.839914096,0.806323
2217,0.642112433,0.839404049,0.805381
2218,0.641326747,0.839368181,0.805814
2219,0.640547032,0.839768817,0.807153
2220,0.639916496,0.839751792,0.808584
2221,0.639140315,0.839307707,0.810134
2222,0.638587662,0.839636999,0.812661
2223,0.63889075,0.84101559,0.815275
2224,0.638655048,0.840966454,0.81659
2225,0.638716109,0.841035269,0.818101
2226,0.638871347,0.840368374,0.818901
2227,0.638487016,0.838206886,0.819201
2228,0.637829293,0.837604921,0.820363
2229,0.638037344,0.837304356,0.82247
2230,0.638186567,0.837142124,0.825636
2231,0.638177991,0.837742182,0.82882
2232,0.639033583,0.837614384,0.831475
2233,0.638909015,0.83811459,0.833228
2234,0.638614223,0.839104912,0.833809
2235,0.638193951,0.839724222,0.834248
2236,0.637169239,0.840624579,0.833831
2237,0.636603314,0.840712054,0.833946
2238,0.636155066,0.840835359,0.833762
2239,0.635700071,0.839931959,0.833906
2240,0.635810543,0.837243947,0.834165
2241,0.635347059,0.836093758,0.834565
2242,0.634593893,0.835331079,0.835293
2243,0.633668485,0.833447202,0.835879
2244,0.632493275,0.833882565,0.836242
2245,0.631104325,0.833933288,0.836276
2246,0.629838839,0.831624182,0.83538
2247,0.629004869,0.830160079,0.834347
2248,0.628447044,0.827247636,0.8329
2249,0.627526627,0.823952722,0.831396
2250,0.626741221,0.822799544,0.829622
2251,0.625862126,0.821085981,0.827337
2252,0.624956945,0.8198187,0.825496
2253,0.624324748,0.818958086,0.825272
2254,0.623578087,0.81797484,0.82503
2255,0.622932302,0.81791476,0.825218
2256,0.622093595,0.816645416,0.824986
2257,0.621096945,0.815341638,0.824181
2258,0.619885415,0.813410738,0.82334
2259,0.618523254,0.809839935,0.822662
2260,0.617102499,0.80706172,0.821695
2261,0.615293561,0.804193442,0.820847
2262,0.614033287,0.801829755,0.819511
2263,0.613120958,0.799700587,0.817543
2264,0.611806154,0.798579096,0.815636
2265,0.610948847,0.799229766,0.813354
2266,0.609346615,0.798257055,0.811276
2267,0.606972239,0.797314105,0.809292
2268,0.60482473,0.795132871,0.807446
2269,0.602789657,0.793178936,0.805057
2270,0.600343991,0.790219853,0.802649
2271,0.598884937,0.789064371,0.799774
2272,0.597582675,0.788923429,0.797594
2273,0.596254193,0.786236717,0.79627
2274,0.594200666,0.785852266,0.793717
2275,0.591476325,0.785085275,0.791744
2276,0.5891989,0.782326188,0.789056
2277,0.586184954,0.782200781,0.785448
2278,0.583853656,0.781052452,0.782345
2279,0.582074991,0.780715735,0.777535
2280,0.579209806,0.782661385,0.773508
2281,0.575860199,0.783677333,0.769734
2282,0.572029341,0.78560426,0.765882
2283,0.56801475,0.786078387,0.762004
2284,0.562455505,0.785623137,0.758548
2285,0.558769093,0.785218256,0.754947
2286,0.556067459,0.78400618,0.750776
2287,0.553057822,0.783405458,0.747282
2288,0.55133177,0.782516882,0.744758
2289,0.548180828,0.782574583,0.741475
2290,0.543330884,0.783073478,0.738205
2291,0.540056457,0.784094139,0.734278
2292,0.536362924,0.786911193,0.730257
2293,0.534105083,0.788159555,0.725521
2294,0.532794086,0.789508395,0.719267
2295,0.533283462,0.78908942,0.714237
2296,0.534409559,0.78854179,0.710189
2297,0.53617484,0.788495533,0.703735
2298,0.539986392,0.788902951,0.700626
2299,0.544267223,0.79107814,0.698258
2300,0.54866814,0.792822929,0.695177
2301,0.55387835,0.79453601,0.694136
2302,0.560273001,0.795620374,0.692558
2303,0.565172411,0.794849959,0.69032
2304,0.569903724,0.794609108,0.689692
2305,0.575699542,0.793813218,0.688978
2306,0.580224041,0.793684422,0.687193
2307,0.584521837,0.794732467,0.687485
2308,0.588303215,0.794495975,0.687787
2309,0.59182878,0.79386455,0.687885
2310,0.595170636,0.792989365,0.689173
2311,0.597721527,0.790425087,0.69186
2312,0.601063247,0.79044663,0.693997
2313,0.605631886,0.79159509,0.695707
2314,0.60874099,0.793109274,0.69963
2315,0.61147141,0.797096673,0.705084
2316,0.61366859,0.799122882,0.710509
2317,0.614493191,0.800656014,0.718912
2318,0.615537959,0.8012578,0.724119
2319,0.616104618,0.800613807,0.728425
2320,0.617282299,0.800537829,0.731054
2321,0.618852035,0.799935808,0.730585
2322,0.620094859,0.799029653,0.73116
2323,0.621568258,0.798397423,0.730581
2324,0.622525346,0.797147339,0.73047
2325,0.622104455,0.794337488,0.732078
2326,0.622736567,0.79346446,0.731475
2327,0.624225868,0.79346648,0.729681
2328,0.625121566,0.793270215,0.727316
2329,0.625938355,0.794258937,0.724203
2330,0.627555996,0.79505805,0.719984
2331,0.626994609,0.796661109,0.715662
2332,0.627223049,0.797805649,0.71248
2333,0.627553923,0.799554514,0.709349
2334,0.626944433,0.800093569,0.705993
2335,0.62632998,0.799196647,0.705617
2336,0.625309479,0.798217645,0.703225
2337,0.624214863,0.795934924,0.700604
2338,0.622633208,0.796272401,0.697399
2339,0.62192164,0.796375995,0.691814
2340,0.621864872,0.797330135,0.683171
2341,0.621584724,0.797649139,0.677033
2342,0.621415902,0.798769801,0.669499
2343,0.622090778,0.797388439,0.66494
2344,0.623673827,0.794097398,0.663206
2345,0.62414933,0.792961382,0.660322
2346,0.62483807,0.790589711,0.658742
2347,0.625093135,0.791242154,0.655409
2348,0.624308314,0.795281981,0.650639
2349,0.623562441,0.797222635,0.647352
2350,0.623135242,0.798983726,0.644037
2351,0.621996252,0.801177887,0.641026
2352,0.619788722,0.804893331,0.63894
2353,0.618461236,0.805103587,0.637208
2354,0.617781601,0.803455577,0.634753
2355,0.616427888,0.802759804,0.63449
2356,0.615366926,0.798866354,0.636674
2357,0.613399563,0.797940972,0.637902
2358,0.610710017,0.800058432,0.640292
2359,0.607536504,0.800902135,0.64138
2360,0.603207757,0.80179684,0.641292
2361,0.599750551,0.802397617,0.641836
2362,0.595810895,0.801908593,0.642358
2363,0.592701116,0.803384302,0.642662
2364,0.589648954,0.806860725,0.642413
2365,0.587594374,0.808536952,0.64355
2366,0.587093862,0.810569402,0.645085
2367,0.585353538,0.81233094,0.646989
2368,0.584067908,0.813012942,0.652613
2369,0.582603511,0.813329122,0.654668
2370,0.579005699,0.812960969,0.653643
2371,0.577349681,0.81427941,0.653971
2372,0.578203638,0.814830405,0.651805
2373,0.577394858,0.811794014,0.649464
2374,0.577292086,0.809095549,0.650286
2375,0.578134475,0.808789935,0.651913
2376,0.580977885,0.808683387,0.656355
2377,0.584318162,0.808735071,0.660283
2378,0.588391516,0.811506166,0.663082
2379,0.593539424,0.809625425,0.66517
2380,0.593356106,0.80366472,0.665472
2381,0.591756916,0.801363612,0.663821
2382,0.592920064,0.800184226,0.664189
2383,0.5935521,0.799669899,0.664064
2384,0.595580492,0.799974618,0.667058
2385,0.600608805,0.803443589,0.672382
2386,0.603502624,0.8036205,0.676214
2387,0.605381871,0.801834512,0.682533
2388,0.607124857,0.801749966,0.684496
2389,0.609472332,0.80033895,0.683718
2390,0.609625561,0.803377106,0.68444
2391,0.607694312,0.809459049,0.682333
2392,0.607549852,0.814331047,0.684903
2393,0.607889379,0.825077729,0.691472
2394,0.606138732,0.82512677,0.693439
2395,0.603736971,0.81838287,0.696562
2396,0.602182877,0.814636663,0.696221
2397,0.59797306,0.80355909,0.688958
2398,0.597152737,0.801746654,0.689436
2399,0.600103481,0.808643056,0.692503
2400,0.60044943,0.808737805,0.696034
2401,0.599902232,0.809699354,0.705084
2402,0.600885916,0.808161716,0.709265
2403,0.6021278,0.799025491,0.711611
2404,0.603303682,0.796988008,0.713286
2405,0.606482927,0.799870311,0.712834
2406,0.607708328,0.799603435,0.713319
2407,0.606702243,0.801423167,0.712804
2408,0.60685488,0.801179207,0.713204
2409,0.607142132,0.797120188,0.715453
2410,0.608037075,0.79474169,0.714737
2411,0.610272999,0.791401557,0.712157
2412,0.610912408,0.791224692,0.710199
2413,0.610542357,0.79309925,0.704915
2414,0.61012708,0.79550129,0.703246
2415,0.607064405,0.802418057,0.705991
2416,0.607091475,0.80676945,0.705299
2417,0.611204007,0.810665015,0.705754
2418,0.611896626,0.812398448,0.702853
2419,0.611662996,0.811653174,0.69581
2420,0.612192971,0.812201501,0.690373
2421,0.607951391,0.813227117,0.683183
2422,0.609596548,0.811117299,0.679274
2423,0.615969456,0.807776979,0.676517
2424,0.620760635,0.804564393,0.675608
2425,0.629819387,0.795912485,0.675723
2426,0.634026897,0.79311102,0.678103
2427,0.634734947,0.79392935,0.686046
2428,0.636909948,0.795448036,0.688524
2429,0.638198657,0.801706253,0.693625
2430,0.639303557,0.805372083,0.692013
2431,0.642323803,0.810310852,0.680461
2432,0.64260215,0.811814256,0.672413
2433,0.638709944,0.810109214,0.656701
2434,0.636665896,0.807566524,0.651147
2435,0.635434316,0.802994047,0.65401
2436,0.632489647,0.796243038,0.655333
2437,0.628002965,0.785784708,0.66532
2438,0.625952984,0.777524018,0.669861
2439,0.62170054,0.76341143,0.67197
2440,0.621100743,0.75724206,0.671812
2441,0.628294006,0.759015042,0.669067
2442,0.630401551,0.758596124,0.665152
2443,0.634783275,0.765561267,0.655318
2444,0.633335277,0.767286577,0.648403
2445,0.621695876,0.766012309,0.640732
2446,0.612700281,0.761537531,0.6338
2447,0.597011711,0.749855141,0.631876
2448,0.586470817,0.740299097,0.624188
2449,0.582291995,0.723323002,0.613328
2450,0.577284622,0.7147524,0.603422
2451,0.574672125,0.706938271,0.592544
2452,0.574358596,0.712544107,0.581438
2453,0.575391506,0.745448289,0.575862
2454,0.57838939,0.754723615,0.564158
2455,0.588081154,0.759420899,0.545151
2456,0.59202937,0.763524289,0.533637
2457,0.591457448,0.7515794,0.520497
2458,0.594725481,0.746282424,0.513301
2459,0.59500726,0.746859679,0.514719
2460,0.599769991,0.746541581,0.512404
2461,0.616665506,0.743319601,0.511931
2462,0.624403162,0.743580091,0.508323
2463,0.632633629,0.752334729,0.499117
2464,0.63443836,0.754570483,0.492619
2465,0.618967392,0.749112021,0.482395
2466,0.612716207,0.750474783,0.477416
2467,0.606103305,0.75482695,0.479568
2468,0.602215849,0.755201017,0.47915
2469,0.605998391,0.764543364,0.478893
2470,0.610880491,0.767195027,0.482757
2471,0.616531705,0.752053596,0.490256
2472,0.62721777,0.743023057,0.495613
2473,0.658807817,0.733956581,0.510632
2474,0.673493005,0.72668064,0.516305
2475,0.685123308,0.727223708,0.501414
2476,0.683640952,0.722997346,0.501993
2477,0.636019057,0.723669311,0.510628
2478,0.611856448,0.712721916,0.515393
2479,0.589003052,0.671531087,0.537809
2480,0.568244353,0.651127024,0.549864
2481,0.548039205,0.615732246,0.540338
2482,0.556253246,0.605892563,0.539241
2483,0.631232742,0.721414623,0.535945
2484,0.689874805,0.764692885,0.536762
2485,0.893152762,0.67459772,0.532992
2486,1.021652477,0.7099592,0.552662
2487,0.75430815,0.770150784,0.611518
2488,0.672604511,0.834844268,0.658194
2489,0.585677699,1.520289928,0.722237
2490,0.548663269,1.875220325,0.773393
2491,0.626815561,0.94293113,0.788195
2492,0.70181617,0.846157803,0.795327
2493,0.831619688,0.816117262,0.790815
2494,0.883293429,0.795708564,0.787008
2495,1.029246418,1.282142716,0.74895
2496,0.963631742,1.435228953,0.751463
2497,0.639463459,1.158584004,0.804044
2498,0.594136391,1.064771878,0.812726
2499,0.622551876,1.006551975,0.826066
2500,0.617528117,0.889688125,0.817698
